{"cameraMode":{"drawMode":0,"name":"Shaded","section":"Shading Mode"},"sceneLighting":true,"audioPlay":false,"sceneViewState":{"showFog":true,"showMaterialUpdate":false,"showSkybox":true,"showFlares":true,"showImageEffects":true,"showParticleSystems":true},"in2DMode":false,"pivot":{"x":-11.094579696655274,"y":4.749001502990723,"z":-10.162230491638184},"rotation":{"x":0.046147070825099948,"y":-0.697136402130127,"z":0.04499908536672592,"w":0.7140673995018005},"size":13.944098472595215,"orthographic":false}